{
  "IcoMoonType": "selection",
  "icons": [
    {
      "icon": {
        "paths": [
          "M898.304 791.91l-193.485-193.485c29.184-47.872 45.978-104.192 45.978-164.352 0-174.95-151.603-326.502-326.554-326.502-174.95-0.051-316.723 141.773-316.723 316.723 0 174.899 151.603 326.502 326.502 326.502 58.214 0 112.64-15.821 159.488-43.213l194.509 194.611c19.046 18.995 49.92 18.995 68.915 0l48.282-48.282c18.995-18.995 12.083-43.008-6.912-62.003zM205.005 424.294c0-121.139 98.15-219.29 219.238-219.29 121.139 0 229.069 107.878 229.069 229.069 0 121.088-98.202 219.29-219.29 219.29-121.139-0.051-229.018-107.981-229.018-229.069z"
        ],
        "attrs": [],
        "isMulticolor": false,
        "isMulticolor2": false,
        "tags": [
          "magnifying-glass"
        ],
        "grid": 20
      },
      "attrs": [],
      "properties": {
        "id": 218,
        "order": 14,
        "prevSize": 20,
        "name": "magnifying-glass",
        "code": 59650
      },
      "setIdx": 3,
      "setId": 2,
      "iconIdx": 217
    },
    {
      "icon": {
        "paths": [
          "M768 688.23c-32.41 0-61.645 12.595-83.814 32.87l-304.026-177.306c2.355-9.626 3.84-19.661 3.84-29.901s-1.485-20.224-3.84-29.85l300.8-175.565c22.835 21.35 53.35 34.56 87.040 34.56 70.605 0 128-57.395 128-128s-57.395-128-128-128-128 57.395-128 128c0 10.24 1.485 20.275 3.84 29.85l-300.8 175.565c-22.835-21.299-53.35-34.56-87.040-34.56-70.605 0-128 57.395-128 128s57.395 128 128 128c33.69 0 64.205-13.21 87.040-34.56l304.026 177.306c-2.15 8.96-3.43 18.33-3.43 27.955 0 68.71 55.654 124.365 124.365 124.365s124.365-55.706 124.365-124.365-55.654-124.365-124.365-124.365z"
        ],
        "attrs": [],
        "isMulticolor": false,
        "isMulticolor2": false,
        "tags": [
          "share"
        ],
        "grid": 20
      },
      "attrs": [],
      "properties": {
        "id": 270,
        "order": 20,
        "prevSize": 20,
        "name": "share"
      },
      "setIdx": 3,
      "setId": 2,
      "iconIdx": 269
    },
    {
      "icon": {
        "paths": [
          "M658.744 749.256l-210.744-210.746v-282.51h128v229.49l173.256 173.254zM512 0c-282.77 0-512 229.23-512 512s229.23 512 512 512 512-229.23 512-512-229.23-512-512-512zM512 896c-212.078 0-384-171.922-384-384s171.922-384 384-384c212.078 0 384 171.922 384 384s-171.922 384-384 384z"
        ],
        "tags": [
          "clock",
          "time",
          "schedule"
        ],
        "defaultCode": 59726,
        "grid": 16,
        "attrs": []
      },
      "attrs": [],
      "properties": {
        "ligatures": "clock, time2",
        "name": "clock",
        "order": 21,
        "id": 79,
        "prevSize": 32
      },
      "setIdx": 4,
      "setId": 1,
      "iconIdx": 78
    }
  ],
  "height": 1024,
  "preferences": {
    "showGlyphs": true,
    "showQuickUse": true,
    "showQuickUse2": true,
    "showSVGs": true,
    "fontPref": {
      "prefix": "icon",
      "metadata": {
        "fontFamily": "icomoon",
        "majorVersion": 1,
        "minorVersion": 0
      },
      "metrics": {
        "emSize": 1024,
        "baseline": 6.25,
        "whitespace": 50
      },
      "embed": false,
      "showSelector": false,
      "showVersion": true
    },
    "imagePref": {
      "prefix": "icon",
      "png": false,
      "useClassSelector": true,
      "color": 0,
      "bgColor": 16777215,
      "classSelector": ".icon",
      "name": "icomoon",
      "height": 32,
      "columns": 16,
      "margin": 16
    },
    "historySize": 50,
    "showCodes": true,
    "gridSize": 16
  }
}